tau_bucket,median_iv,mean_iv,n
0-1min,0.9367153588354943,1.3910923265771498,166
1-5min,0.6948460381780759,1.0595825764623064,186
15-30min,0.3422718998200956,0.8667682081984435,133
30-100000min,0.44902347889907523,0.6327067514062857,443
5-15min,0.3422718998200956,0.8286584765267919,349
